{"cameraMode":{"drawMode":0,"name":"Shaded","section":"Shading Mode"},"sceneLighting":true,"audioPlay":false,"sceneViewState":{"showFog":true,"showMaterialUpdate":true,"showSkybox":true,"showFlares":true,"showImageEffects":true,"showParticleSystems":true},"in2DMode":false,"pivot":{"x":5.802724361419678,"y":2.9980249404907228,"z":13.908111572265625},"rotation":{"x":0.003340388648211956,"y":-0.7176253795623779,"z":0.6964129209518433,"w":0.0034421179443597795},"size":7.74847936630249,"orthographic":false}